<?xml version="1.0" encoding="UTF-8"?><rss version="2.0"
	xmlns:content="http://purl.org/rss/1.0/modules/content/"
	xmlns:wfw="http://wellformedweb.org/CommentAPI/"
	xmlns:dc="http://purl.org/dc/elements/1.1/"
	xmlns:atom="http://www.w3.org/2005/Atom"
	xmlns:sy="http://purl.org/rss/1.0/modules/syndication/"
	xmlns:slash="http://purl.org/rss/1.0/modules/slash/"
	>

<channel>
	<title>euphie.data</title>
	<atom:link href="/feed/" rel="self" type="application/rss+xml" />
	<link>/</link>
	<description></description>
	<lastBuildDate>Mon, 25 Nov 2024 06:34:51 +0000</lastBuildDate>
	<language>zh-Hans</language>
	<sy:updatePeriod>
	hourly	</sy:updatePeriod>
	<sy:updateFrequency>
	1	</sy:updateFrequency>
	<generator>https://wordpress.org/?v=6.7.1</generator>
	<item>
		<title>世界，您好！</title>
		<link>/2024/11/25/hello-world/</link>
					<comments>/2024/11/25/hello-world/#comments</comments>
		
		<dc:creator><![CDATA[euphie]]></dc:creator>
		<pubDate>Mon, 25 Nov 2024 06:34:51 +0000</pubDate>
				<category><![CDATA[未分类]]></category>
		<guid isPermaLink="false">/?p=1</guid>

					<description><![CDATA[欢迎使用 WordPress。这是您的第一篇文章。编辑或删除它，然后开始写作吧！]]></description>
										<content:encoded><![CDATA[
<p>欢迎使用 WordPress。这是您的第一篇文章。编辑或删除它，然后开始写作吧！</p>
]]></content:encoded>
					
					<wfw:commentRss>/2024/11/25/hello-world/feed/</wfw:commentRss>
			<slash:comments>1</slash:comments>
		
		
			</item>
	</channel>
</rss>
